obs_col,obs_idx,frame,single_k,semantic,max_abs,mean_abs,rmse,max_signed_at_some_row
obs648,648,13,37,last_action[8],7.20000000065113e-07,1.2493506492914307e-07,1.687646837407928e-07,-7.20000000065113e-07
obs695,695,14,37,last_action[8],7.20000000065113e-07,1.2505494504896008e-07,1.6880729869439973e-07,-7.20000000065113e-07
obs225,225,4,37,last_action[8],7.20000000065113e-07,1.2409590409042391e-07,1.6820970688790137e-07,-7.20000000065113e-07
obs37,37,0,37,last_action[8],7.20000000065113e-07,1.2349650349106154e-07,1.679368845716016e-07,-7.20000000065113e-07
obs366,366,7,37,last_action[8],7.20000000065113e-07,1.2445554444987497e-07,1.6842337594041408e-07,-7.20000000065113e-07
obs413,413,8,37,last_action[8],7.20000000065113e-07,1.2445554444987497e-07,1.6842337594041408e-07,-7.20000000065113e-07
obs84,84,1,37,last_action[8],7.20000000065113e-07,1.2364635364088827e-07,1.6800379377289648e-07,-7.20000000065113e-07
obs554,554,11,37,last_action[8],7.20000000065113e-07,1.2469530468950902e-07,1.6859411621005025e-07,-7.20000000065113e-07
obs319,319,6,37,last_action[8],7.20000000065113e-07,1.2421578421024095e-07,1.6825246240600512e-07,-7.20000000065113e-07
obs178,178,3,37,last_action[8],7.20000000065113e-07,1.239160839105875e-07,1.6811346721467679e-07,-7.20000000065113e-07
obs460,460,9,37,last_action[8],7.20000000065113e-07,1.2445554444987497e-07,1.6842337594041408e-07,-7.20000000065113e-07
obs131,131,2,37,last_action[8],7.20000000065113e-07,1.2376623376076076e-07,1.680466016808127e-07,-7.20000000065113e-07
obs601,601,12,37,last_action[8],7.20000000065113e-07,1.2469530468950902e-07,1.6859411621005025e-07,-7.20000000065113e-07
obs507,507,10,37,last_action[8],7.20000000065113e-07,1.2445554444987497e-07,1.6842337594041408e-07,-7.20000000065113e-07
obs272,272,5,37,last_action[8],7.20000000065113e-07,1.2421578421024095e-07,1.6825246240600512e-07,-7.20000000065113e-07
obs504,504,10,34,last_action[5],7.100000001258877e-07,1.0459540459564126e-07,1.5392240867498114e-07,7.100000001258877e-07
obs81,81,1,34,last_action[5],7.100000001258877e-07,1.0349650349724578e-07,1.5313833175196722e-07,7.100000001258877e-07
obs457,457,9,34,last_action[5],7.100000001258877e-07,1.0459540459564126e-07,1.5392240867498114e-07,7.100000001258877e-07
obs222,222,4,34,last_action[5],7.100000001258877e-07,1.0388611388666843e-07,1.533759297429917e-07,7.100000001258877e-07
obs34,34,0,34,last_action[5],7.100000001258877e-07,1.0331668331740934e-07,1.5303261423435884e-07,7.100000001258877e-07
obs692,692,14,34,last_action[5],7.100000001258877e-07,1.0459540459564126e-07,1.5392240867498114e-07,7.100000001258877e-07
obs269,269,5,34,last_action[5],7.100000001258877e-07,1.0388611388666843e-07,1.5337592974299167e-07,7.100000001258877e-07
obs363,363,7,34,last_action[5],7.100000001258877e-07,1.0435564435600721e-07,1.5373537470220064e-07,7.100000001258877e-07
obs645,645,13,34,last_action[5],7.100000001258877e-07,1.0459540459564126e-07,1.5392240867498114e-07,7.100000001258877e-07
obs551,551,11,34,last_action[5],7.100000001258877e-07,1.0459540459564126e-07,1.5392240867498114e-07,7.100000001258877e-07
obs598,598,12,34,last_action[5],7.100000001258877e-07,1.0459540459564126e-07,1.5392240867498114e-07,7.100000001258877e-07
obs128,128,2,34,last_action[5],7.100000001258877e-07,1.0352647352721737e-07,1.531412673079166e-07,7.100000001258877e-07
obs410,410,8,34,last_action[5],7.100000001258877e-07,1.0435564435600721e-07,1.5373537470220064e-07,7.100000001258877e-07
obs175,175,3,34,last_action[5],7.100000001258877e-07,1.0364635364703438e-07,1.5318822855247477e-07,7.100000001258877e-07
obs316,316,6,34,last_action[5],7.100000001258877e-07,1.0412587412630247e-07,1.5356340150572662e-07,7.100000001258877e-07
obs459,459,9,36,last_action[7],6.000000001282757e-07,1.4366633366706137e-07,1.888598209476371e-07,-6.000000001282757e-07
obs318,318,6,36,last_action[7],6.000000001282757e-07,1.4318681318746057e-07,1.8847858187200612e-07,-6.000000001282757e-07
obs647,647,13,36,last_action[7],6.000000001282757e-07,1.4462537462581935e-07,1.895441189464915e-07,-6.000000001282757e-07
obs130,130,2,36,last_action[7],6.000000001282757e-07,1.4283716283780016e-07,1.8836220342898947e-07,-6.000000001282757e-07
obs365,365,7,36,last_action[7],6.000000001282757e-07,1.433066933073885e-07,1.885167404738359e-07,-6.000000001282757e-07
obs271,271,5,36,last_action[7],6.000000001282757e-07,1.4309690309754235e-07,1.8845711426313716e-07,-6.000000001282757e-07
obs177,177,3,36,last_action[7],6.000000001282757e-07,1.4288711288775166e-07,1.8836883283367673e-07,-6.000000001282757e-07
obs224,224,4,36,last_action[7],6.000000001282757e-07,1.430669330675742e-07,1.8845472882230935e-07,-6.000000001282757e-07
obs600,600,12,36,last_action[7],6.000000001282757e-07,1.4438561438618533e-07,1.8939226639364092e-07,-6.000000001282757e-07
obs83,83,1,36,last_action[7],6.000000001282757e-07,1.4265734265797758e-07,1.8827626522813627e-07,-6.000000001282757e-07
obs553,553,11,36,last_action[7],6.000000001282757e-07,1.4414585414655128e-07,1.8924029198941213e-07,-6.000000001282757e-07
obs694,694,14,36,last_action[7],6.000000001282757e-07,1.448651348654534e-07,1.8969584994059204e-07,-6.000000001282757e-07
obs506,506,10,36,last_action[7],6.000000001282757e-07,1.4402597402673427e-07,1.8920227931467288e-07,-6.000000001282757e-07
obs412,412,8,36,last_action[7],6.000000001282757e-07,1.433066933073885e-07,1.885167404738359e-07,-6.000000001282757e-07
obs36,36,0,36,last_action[7],6.000000001282757e-07,1.4265734265797758e-07,1.8827626522813627e-07,-6.000000001282757e-07
obs505,505,10,35,last_action[6],6.000000000172534e-07,1.0617382617500487e-07,1.4067768049851138e-07,-6.000000000172534e-07
obs646,646,13,35,last_action[6],6.000000000172534e-07,1.0653346653456685e-07,1.4085652076049305e-07,-6.000000000172534e-07
obs693,693,14,35,last_action[6],6.000000000172534e-07,1.0665334665449477e-07,1.4090757628725397e-07,-6.000000000172534e-07
obs176,176,3,35,last_action[6],6.000000000172534e-07,1.0548451548572426e-07,1.4026697820611577e-07,-6.000000000172534e-07
obs82,82,1,35,last_action[6],6.000000000172534e-07,1.0528471528597379e-07,1.4016081815299597e-07,-6.000000000172534e-07
obs364,364,7,35,last_action[6],6.000000000172534e-07,1.0600399600520863e-07,1.4057502858467312e-07,-6.000000000172534e-07
obs552,552,11,35,last_action[6],6.000000000172534e-07,1.062337662350243e-07,1.4069046234214734e-07,-6.000000000172534e-07
obs458,458,9,35,last_action[6],6.000000000172534e-07,1.0600399600520863e-07,1.4057502858467312e-07,-6.000000000172534e-07
obs129,129,2,35,last_action[6],6.000000000172534e-07,1.0545454545577001e-07,1.4026377320668656e-07,-6.000000000172534e-07
obs411,411,8,35,last_action[6],6.000000000172534e-07,1.0600399600520863e-07,1.4057502858467312e-07,-6.000000000172534e-07
obs35,35,0,35,last_action[6],6.000000000172534e-07,1.0516483516615676e-07,1.4010949050991064e-07,-6.000000000172534e-07
obs223,223,4,35,last_action[6],6.000000000172534e-07,1.05594405595612e-07,1.4031006053438342e-07,-6.000000000172534e-07
obs270,270,5,35,last_action[6],6.000000000172534e-07,1.0571428571548447e-07,1.4036131483263516e-07,-6.000000000172534e-07
obs599,599,12,35,last_action[6],6.000000000172534e-07,1.063536463548413e-07,1.4074157810831046e-07,-6.000000000172534e-07
obs317,317,6,35,last_action[6],6.000000000172534e-07,1.0595404595522942e-07,1.4056614513844093e-07,-6.000000000172534e-07
obs78,78,1,31,last_action[2],5.999999999062311e-07,1.3161838161215578e-07,1.7302301301961934e-07,5.999999999062311e-07
obs171,171,3,30,last_action[1],5.999999999062311e-07,1.4268731269042432e-07,1.8376052913903168e-07,-5.999999999062311e-07
obs642,642,13,31,last_action[2],5.999999999062311e-07,1.334165834103954e-07,1.7441353134871627e-07,5.999999999062311e-07
obs312,312,6,30,last_action[1],5.999999999062311e-07,1.4322677323008614e-07,1.8404137788235535e-07,-5.999999999062311e-07
obs313,313,6,31,last_action[2],5.999999999062311e-07,1.322277722215341e-07,1.7336534963181256e-07,5.999999999062311e-07
obs77,77,1,30,last_action[1],5.999999999062311e-07,1.42147852150915e-07,1.8324115989273597e-07,-5.999999999062311e-07
obs454,454,9,31,last_action[2],5.999999999062311e-07,1.3251748251124095e-07,1.7345205211536188e-07,5.999999999062311e-07
obs266,266,5,31,last_action[2],5.999999999062311e-07,1.321378621316159e-07,1.7334201032890798e-07,5.999999999062311e-07
obs641,641,13,30,last_action[1],5.999999999062311e-07,1.4434565434892421e-07,1.8492566749668287e-07,-5.999999999062311e-07
obs688,688,14,30,last_action[1],5.999999999062311e-07,1.4458541458872463e-07,1.8508118477213032e-07,-5.999999999062311e-07
obs265,265,5,30,last_action[1],5.999999999062311e-07,1.4299700300015956e-07,1.8389774772932063e-07,-5.999999999062311e-07
obs689,689,14,31,last_action[2],5.999999999062311e-07,1.3347652347035937e-07,1.7442384103421442e-07,5.999999999062311e-07
obs453,453,9,30,last_action[1],5.999999999062311e-07,1.4328671328999464e-07,1.8405114826164093e-07,-5.999999999062311e-07
obs548,548,11,31,last_action[2],5.999999999062311e-07,1.3293706293085007e-07,1.7375243908312745e-07,5.999999999062311e-07
obs172,172,3,31,last_action[2],5.999999999062311e-07,1.320179820117434e-07,1.7330051047381095e-07,5.999999999062311e-07
obs31,31,0,31,last_action[2],5.999999999062311e-07,1.314985014922833e-07,1.7298143663411856e-07,5.999999999062311e-07
obs406,406,8,30,last_action[1],5.999999999062311e-07,1.4322677323008614e-07,1.8404137788235535e-07,-5.999999999062311e-07
obs595,595,12,31,last_action[2],5.999999999062311e-07,1.334165834103954e-07,1.7441353134871625e-07,5.999999999062311e-07
obs547,547,11,30,last_action[1],5.999999999062311e-07,1.4367632367961313e-07,1.8431719174952717e-07,-5.999999999062311e-07
obs359,359,7,30,last_action[1],5.999999999062311e-07,1.4322677323008614e-07,1.8404137788235535e-07,-5.999999999062311e-07
obs360,360,7,31,last_action[2],5.999999999062311e-07,1.3233766233142183e-07,1.7340020866494942e-07,5.999999999062311e-07
obs218,218,4,30,last_action[1],5.999999999062311e-07,1.4287712288023164e-07,1.838586304896231e-07,-5.999999999062311e-07
obs124,124,2,30,last_action[1],5.999999999062311e-07,1.422677322708429e-07,1.832804089182265e-07,-5.999999999062311e-07
obs30,30,0,30,last_action[1],5.999999999062311e-07,1.4202797203098704e-07,1.8320190245856655e-07,-5.999999999062311e-07
obs594,594,12,30,last_action[1],5.999999999062311e-07,1.4399600399929154e-07,1.8459448766615013e-07,-5.999999999062311e-07
obs125,125,2,31,last_action[2],5.999999999062311e-07,1.3172827172204697e-07,1.730579410095807e-07,5.999999999062311e-07
obs219,219,4,31,last_action[2],5.999999999062311e-07,1.321378621316159e-07,1.7334201032890798e-07,5.999999999062311e-07
obs501,501,10,31,last_action[2],5.999999999062311e-07,1.3263736263114115e-07,1.7349351572154117e-07,5.999999999062311e-07
obs407,407,8,31,last_action[2],5.999999999062311e-07,1.3239760239135805e-07,1.734105785949748e-07,5.999999999062311e-07
obs500,500,10,30,last_action[1],5.999999999062311e-07,1.4337662337991287e-07,1.8407312971892964e-07,-5.999999999062311e-07
obs509,509,10,39,last_action[10],5.400000000002625e-07,1.1469530469621334e-07,1.492241004931272e-07,5.400000000002625e-07
obs462,462,9,39,last_action[10],5.400000000002625e-07,1.1469530469621334e-07,1.492241004931272e-07,5.400000000002625e-07
obs133,133,2,39,last_action[10],5.400000000002625e-07,1.1382617382708243e-07,1.4838726771165814e-07,5.400000000002625e-07
obs697,697,14,39,last_action[10],5.400000000002625e-07,1.1493506493601376e-07,1.4932047212878681e-07,5.400000000002625e-07
obs321,321,6,39,last_action[10],5.400000000002625e-07,1.1397602397690916e-07,1.4842664696952934e-07,5.400000000002625e-07
obs39,39,0,39,last_action[10],5.400000000002625e-07,1.1367632367725571e-07,1.4831150898180762e-07,5.400000000002625e-07
obs556,556,11,39,last_action[10],5.400000000002625e-07,1.1469530469621334e-07,1.492241004931272e-07,5.400000000002625e-07
obs603,603,12,39,last_action[10],5.400000000002625e-07,1.1469530469621334e-07,1.492241004931272e-07,5.400000000002625e-07
obs180,180,3,39,last_action[10],5.400000000002625e-07,1.1391608391700066e-07,1.4841453138768006e-07,5.400000000002625e-07
obs86,86,1,39,last_action[10],5.400000000002625e-07,1.1367632367725571e-07,1.4831150898180762e-07,5.400000000002625e-07
obs650,650,13,39,last_action[10],5.400000000002625e-07,1.1481518481611355e-07,1.4927229408826464e-07,5.400000000002625e-07
obs368,368,7,39,last_action[10],5.400000000002625e-07,1.1421578421666799e-07,1.4862036195676236e-07,5.400000000002625e-07
obs415,415,8,39,last_action[10],5.400000000002625e-07,1.1463536463624938e-07,1.4921204966216252e-07,5.400000000002625e-07
obs227,227,4,39,last_action[10],5.400000000002625e-07,1.1391608391700066e-07,1.4841453138768006e-07,5.400000000002625e-07
obs274,274,5,39,last_action[10],5.400000000002625e-07,1.1397602397690916e-07,1.484266469695293e-07,5.400000000002625e-07
obs221,221,4,33,last_action[4],5.399999999933236e-07,1.2142857142847763e-07,1.5733513801533675e-07,-5.399999999933236e-07
obs597,597,12,33,last_action[4],5.399999999933236e-07,1.2225774225773193e-07,1.5767795553695815e-07,-5.399999999933236e-07
obs456,456,9,33,last_action[4],5.399999999933236e-07,1.2195804195796753e-07,1.5752963027806667e-07,-5.399999999933236e-07
obs33,33,0,33,last_action[4],5.399999999933236e-07,1.2107892107873404e-07,1.5723192462671052e-07,-5.399999999933236e-07
obs362,362,7,33,last_action[4],5.399999999933236e-07,1.217182817182226e-07,1.5743828373930156e-07,-5.399999999933236e-07
obs268,268,5,33,last_action[4],5.399999999933236e-07,1.2157842157832516e-07,1.574065537923431e-07,-5.399999999933236e-07
obs503,503,10,33,last_action[4],5.399999999933236e-07,1.2213786213780398e-07,1.576323318609411e-07,-5.399999999933236e-07
obs550,550,11,33,last_action[4],5.399999999933236e-07,1.2225774225773193e-07,1.5767795553695815e-07,-5.399999999933236e-07
obs127,127,2,33,last_action[4],5.399999999933236e-07,1.2122877122861623e-07,1.572690892499611e-07,-5.399999999933236e-07
obs644,644,13,33,last_action[4],5.399999999933236e-07,1.2225774225773193e-07,1.5767795553695815e-07,-5.399999999933236e-07
obs80,80,1,33,last_action[4],5.399999999933236e-07,1.2116883116865227e-07,1.5725765491674152e-07,-5.399999999933236e-07
obs174,174,3,33,last_action[4],5.399999999933236e-07,1.2134865134854417e-07,1.5731481827186312e-07,-5.399999999933236e-07
obs691,691,14,33,last_action[4],5.399999999933236e-07,1.2228771228768617e-07,1.5768080657839465e-07,-5.399999999933236e-07
obs409,409,8,33,last_action[4],5.399999999933236e-07,1.218381618380396e-07,1.574839636316895e-07,-5.399999999933236e-07
obs315,315,6,33,last_action[4],5.399999999933236e-07,1.2163836163828912e-07,1.5741797731002987e-07,-5.399999999933236e-07
obs181,181,3,40,last_action[11],4.800000001914384e-07,1.0573426573332586e-07,1.4927865180295852e-07,-4.800000001914384e-07
obs508,508,10,38,last_action[9],4.800000001914384e-07,1.1244755245263817e-07,1.5739893766231457e-07,-4.800000001914384e-07
obs275,275,5,40,last_action[11],4.800000001914384e-07,1.0621378621281576e-07,1.4966362550459338e-07,-4.800000001914384e-07
obs228,228,4,40,last_action[11],4.800000001914384e-07,1.0597402597318173e-07,1.4947126259484562e-07,-4.800000001914384e-07
obs173,173,3,32,last_action[3],4.800000001914384e-07,1.0507492507578797e-07,1.5072982624741362e-07,-4.800000001914384e-07
obs226,226,4,38,last_action[9],4.800000001914384e-07,1.1232767233282115e-07,1.5735323308675522e-07,-4.800000001914384e-07
obs179,179,3,38,last_action[9],4.800000001914384e-07,1.1208791209296528e-07,1.5717028187690688e-07,-4.800000001914384e-07
obs220,220,4,32,last_action[3],4.800000001914384e-07,1.0516483516570618e-07,1.5075666628268508e-07,-4.800000001914384e-07
obs314,314,6,32,last_action[3],4.800000001914384e-07,1.0564435564519608e-07,1.512330273866568e-07,-4.800000001914384e-07
obs320,320,6,38,last_action[9],4.800000001914384e-07,1.1244755245263817e-07,1.5739893766231457e-07,-4.800000001914384e-07
obs596,596,12,32,last_action[3],4.800000001914384e-07,1.0684315684469722e-07,1.5255892558535626e-07,-4.800000001914384e-07
obs557,557,11,40,last_action[11],4.800000001914384e-07,1.0645354645244981e-07,1.4975971430234537e-07,-4.800000001914384e-07
obs273,273,5,38,last_action[9],4.800000001914384e-07,1.1232767233282115e-07,1.5735323308675522e-07,-4.800000001914384e-07
obs602,602,12,38,last_action[9],4.800000001914384e-07,1.125674325725661e-07,1.5742178497407447e-07,-4.800000001914384e-07
obs555,555,11,38,last_action[9],4.800000001914384e-07,1.125074925126576e-07,1.5741036173273699e-07,-4.800000001914384e-07
obs322,322,6,40,last_action[11],4.800000001914384e-07,1.0621378621281576e-07,1.4966362550459338e-07,-4.800000001914384e-07
obs267,267,5,32,last_action[3],4.800000001914384e-07,1.052847152855232e-07,1.5080437010590688e-07,-4.800000001914384e-07
obs549,549,11,32,last_action[3],4.800000001914384e-07,1.0660339660506319e-07,1.523702179504787e-07,-4.800000001914384e-07
obs502,502,10,32,last_action[3],4.800000001914384e-07,1.0660339660506319e-07,1.523702179504787e-07,-4.800000001914384e-07
obs126,126,2,32,last_action[3],4.800000001914384e-07,1.0493506493591826e-07,1.5066486020632815e-07,-4.800000001914384e-07
obs604,604,12,40,last_action[11],4.800000001914384e-07,1.0657342657226682e-07,1.498077355889561e-07,-4.800000001914384e-07
obs40,40,0,40,last_action[11],4.800000001914384e-07,1.0525474525383596e-07,1.4898926873362268e-07,-4.800000001914384e-07
obs79,79,1,32,last_action[3],4.800000001914384e-07,1.0488511488596677e-07,1.5065657170696126e-07,-4.800000001914384e-07
obs643,643,13,32,last_action[3],4.800000001914384e-07,1.0684315684469722e-07,1.5255892558535623e-07,-4.800000001914384e-07
obs649,649,13,38,last_action[9],4.800000001914384e-07,1.125674325725661e-07,1.5742178497407445e-07,-4.800000001914384e-07
obs651,651,13,40,last_action[11],4.800000001914384e-07,1.0657342657226682e-07,1.498077355889561e-07,-4.800000001914384e-07
obs361,361,7,32,last_action[3],4.800000001914384e-07,1.0564435564519608e-07,1.512330273866568e-07,-4.800000001914384e-07
obs367,367,7,38,last_action[9],4.800000001914384e-07,1.1244755245263817e-07,1.5739893766231457e-07,-4.800000001914384e-07
obs369,369,7,40,last_action[11],4.800000001914384e-07,1.0621378621281576e-07,1.4966362550459338e-07,-4.800000001914384e-07
obs38,38,0,38,last_action[9],4.800000001914384e-07,1.117282717334865e-07,1.5701002469577026e-07,-4.800000001914384e-07
obs87,87,1,40,last_action[11],4.800000001914384e-07,1.0537462537365297e-07,1.4903753826519715e-07,-4.800000001914384e-07
obs32,32,0,32,last_action[3],4.800000001914384e-07,1.0479520479606241e-07,1.506297138362942e-07,-4.800000001914384e-07
obs416,416,8,40,last_action[11],4.800000001914384e-07,1.0621378621281576e-07,1.4966362550459338e-07,-4.800000001914384e-07
obs414,414,8,38,last_action[9],4.800000001914384e-07,1.1244755245263817e-07,1.5739893766231457e-07,-4.800000001914384e-07
obs408,408,8,32,last_action[3],4.800000001914384e-07,1.0588411588527378e-07,1.5142315222656052e-07,-4.800000001914384e-07
obs690,690,14,32,last_action[3],4.800000001914384e-07,1.0708291708433127e-07,1.5274740008667953e-07,-4.800000001914384e-07
obs696,696,14,38,last_action[9],4.800000001914384e-07,1.1268731269249404e-07,1.5746746965268992e-07,-4.800000001914384e-07
obs698,698,14,40,last_action[11],4.800000001914384e-07,1.0669330669208385e-07,1.4985574148714173e-07,-4.800000001914384e-07
obs85,85,1,38,last_action[9],4.800000001914384e-07,1.1178821179342274e-07,1.5702147706145912e-07,-4.800000001914384e-07
obs510,510,10,40,last_action[11],4.800000001914384e-07,1.0633366633263279e-07,1.4971167761250168e-07,-4.800000001914384e-07
obs461,461,9,38,last_action[9],4.800000001914384e-07,1.1244755245263817e-07,1.5739893766231457e-07,-4.800000001914384e-07
obs134,134,2,40,last_action[11],4.800000001914384e-07,1.0549450549347e-07,1.4908579216853825e-07,-4.800000001914384e-07
obs132,132,2,38,last_action[9],4.800000001914384e-07,1.1196803197314827e-07,1.571245107896788e-07,-4.800000001914384e-07
obs455,455,9,32,last_action[3],4.800000001914384e-07,1.0612387612535146e-07,1.5161303864748226e-07,-4.800000001914384e-07
obs463,463,9,40,last_action[11],4.800000001914384e-07,1.0621378621281576e-07,1.4966362550459338e-07,-4.800000001914384e-07
obs29,29,0,29,last_action[0],4.800000000804161e-07,9.907092906552646e-08,1.325229703146824e-07,-4.800000000804161e-07
obs123,123,2,29,last_action[0],4.800000000804161e-07,9.919080918534347e-08,1.3255010550056692e-07,-4.800000000804161e-07
obs358,358,7,29,last_action[0],4.800000000804161e-07,9.993006992460329e-08,1.3299628561242344e-07,-4.800000000804161e-07
obs499,499,10,29,last_action[0],4.800000000804161e-07,1.003396603342554e-07,1.332128159913868e-07,-4.800000000804161e-07
obs593,593,12,29,last_action[0],4.800000000804161e-07,1.003396603342554e-07,1.332128159913868e-07,-4.800000000804161e-07
obs452,452,9,29,last_action[0],4.800000000804161e-07,1.0021978021443837e-07,1.3315881018537457e-07,-4.800000000804161e-07
obs76,76,1,29,last_action[0],4.800000000804161e-07,9.913086912543497e-08,1.3253653860207307e-07,-4.800000000804161e-07
obs264,264,5,29,last_action[0],4.800000000804161e-07,9.955044954496091e-08,1.3271280010369295e-07,-4.800000000804161e-07
obs640,640,13,29,last_action[0],4.800000000804161e-07,1.0056943056418195e-07,1.334110246466691e-07,-4.800000000804161e-07
obs170,170,3,29,last_action[0],4.800000000804161e-07,9.93106893051605e-08,1.3260435921409935e-07,-4.800000000804161e-07
obs687,687,14,29,last_action[0],4.800000000804161e-07,1.0056943056418195e-07,1.334110246466691e-07,-4.800000000804161e-07
obs405,405,8,29,last_action[0],4.800000000804161e-07,1.0009990009439953e-07,1.331047824669005e-07,-4.800000000804161e-07
obs311,311,6,29,last_action[0],4.800000000804161e-07,9.970029969478764e-08,1.3279745793437937e-07,-4.800000000804161e-07
obs546,546,11,29,last_action[0],4.800000000804161e-07,1.003396603342554e-07,1.332128159913868e-07,-4.800000000804161e-07
obs217,217,4,29,last_action[0],4.800000000804161e-07,9.943056942508843e-08,1.326585907394579e-07,-4.800000000804161e-07
obs431,431,9,8,dof_pos[3],0.0,0.0,0.0,0.0
obs451,451,9,28,dof_vel[11],0.0,0.0,0.0,0.0
obs444,444,9,21,dof_vel[4],0.0,0.0,0.0,0.0
obs498,498,10,28,dof_vel[11],0.0,0.0,0.0,0.0
obs497,497,10,27,dof_vel[10],0.0,0.0,0.0,0.0
obs496,496,10,26,dof_vel[9],0.0,0.0,0.0,0.0
obs429,429,9,6,dof_pos[1],0.0,0.0,0.0,0.0
obs495,495,10,25,dof_vel[8],0.0,0.0,0.0,0.0
obs494,494,10,24,dof_vel[7],0.0,0.0,0.0,0.0
obs430,430,9,7,dof_pos[2],0.0,0.0,0.0,0.0
obs423,423,9,0,phase_sin,0.0,0.0,0.0,0.0
obs428,428,9,5,dof_pos[0],0.0,0.0,0.0,0.0
obs427,427,9,4,cmd_dyaw,0.0,0.0,0.0,0.0
obs403,403,8,27,dof_vel[10],0.0,0.0,0.0,0.0
obs404,404,8,28,dof_vel[11],0.0,0.0,0.0,0.0
obs464,464,9,41,imu_omega[0],0.0,0.0,0.0,0.0
obs511,511,10,41,imu_omega[0],0.0,0.0,0.0,0.0
obs417,417,8,41,imu_omega[0],0.0,0.0,0.0,0.0
obs466,466,9,43,imu_omega[2],0.0,0.0,0.0,0.0
obs418,418,8,42,imu_omega[1],0.0,0.0,0.0,0.0
obs419,419,8,43,imu_omega[2],0.0,0.0,0.0,0.0
obs420,420,8,44,imu_rpy[0],0.0,0.0,0.0,0.0
obs421,421,8,45,imu_rpy[1],0.0,0.0,0.0,0.0
obs422,422,8,46,imu_rpy[2],0.0,0.0,0.0,0.0
obs492,492,10,22,dof_vel[5],0.0,0.0,0.0,0.0
obs424,424,9,1,phase_cos,0.0,0.0,0.0,0.0
obs425,425,9,2,cmd_vx,0.0,0.0,0.0,0.0
obs426,426,9,3,cmd_vy,0.0,0.0,0.0,0.0
obs493,493,10,23,dof_vel[6],0.0,0.0,0.0,0.0
obs450,450,9,27,dof_vel[10],0.0,0.0,0.0,0.0
obs491,491,10,21,dof_vel[4],0.0,0.0,0.0,0.0
obs442,442,9,19,dof_vel[2],0.0,0.0,0.0,0.0
obs434,434,9,11,dof_pos[6],0.0,0.0,0.0,0.0
obs435,435,9,12,dof_pos[7],0.0,0.0,0.0,0.0
obs436,436,9,13,dof_pos[8],0.0,0.0,0.0,0.0
obs437,437,9,14,dof_pos[9],0.0,0.0,0.0,0.0
obs438,438,9,15,dof_pos[10],0.0,0.0,0.0,0.0
obs439,439,9,16,dof_pos[11],0.0,0.0,0.0,0.0
obs440,440,9,17,dof_vel[0],0.0,0.0,0.0,0.0
obs441,441,9,18,dof_vel[1],0.0,0.0,0.0,0.0
obs443,443,9,20,dof_vel[3],0.0,0.0,0.0,0.0
obs475,475,10,5,dof_pos[0],0.0,0.0,0.0,0.0
obs474,474,10,4,cmd_dyaw,0.0,0.0,0.0,0.0
obs473,473,10,3,cmd_vy,0.0,0.0,0.0,0.0
obs472,472,10,2,cmd_vx,0.0,0.0,0.0,0.0
obs471,471,10,1,phase_cos,0.0,0.0,0.0,0.0
obs470,470,10,0,phase_sin,0.0,0.0,0.0,0.0
obs469,469,9,46,imu_rpy[2],0.0,0.0,0.0,0.0
obs468,468,9,45,imu_rpy[1],0.0,0.0,0.0,0.0
obs467,467,9,44,imu_rpy[0],0.0,0.0,0.0,0.0
obs433,433,9,10,dof_pos[5],0.0,0.0,0.0,0.0
obs476,476,10,6,dof_pos[1],0.0,0.0,0.0,0.0
obs490,490,10,20,dof_vel[3],0.0,0.0,0.0,0.0
obs487,487,10,17,dof_vel[0],0.0,0.0,0.0,0.0
obs449,449,9,26,dof_vel[9],0.0,0.0,0.0,0.0
obs448,448,9,25,dof_vel[8],0.0,0.0,0.0,0.0
obs447,447,9,24,dof_vel[7],0.0,0.0,0.0,0.0
obs446,446,9,23,dof_vel[6],0.0,0.0,0.0,0.0
obs489,489,10,19,dof_vel[2],0.0,0.0,0.0,0.0
obs445,445,9,22,dof_vel[5],0.0,0.0,0.0,0.0
obs465,465,9,42,imu_omega[1],0.0,0.0,0.0,0.0
obs488,488,10,18,dof_vel[1],0.0,0.0,0.0,0.0
obs486,486,10,16,dof_pos[11],0.0,0.0,0.0,0.0
obs477,477,10,7,dof_pos[2],0.0,0.0,0.0,0.0
obs485,485,10,15,dof_pos[10],0.0,0.0,0.0,0.0
obs484,484,10,14,dof_pos[9],0.0,0.0,0.0,0.0
obs483,483,10,13,dof_pos[8],0.0,0.0,0.0,0.0
obs482,482,10,12,dof_pos[7],0.0,0.0,0.0,0.0
obs481,481,10,11,dof_pos[6],0.0,0.0,0.0,0.0
obs480,480,10,10,dof_pos[5],0.0,0.0,0.0,0.0
obs479,479,10,9,dof_pos[4],0.0,0.0,0.0,0.0
obs478,478,10,8,dof_pos[3],0.0,0.0,0.0,0.0
obs432,432,9,9,dof_pos[4],0.0,0.0,0.0,0.0
obs0,0,0,0,phase_sin,0.0,0.0,0.0,0.0
obs512,512,10,42,imu_omega[1],0.0,0.0,0.0,0.0
obs656,656,13,45,imu_rpy[1],0.0,0.0,0.0,0.0
obs628,628,13,17,dof_vel[0],0.0,0.0,0.0,0.0
obs629,629,13,18,dof_vel[1],0.0,0.0,0.0,0.0
obs630,630,13,19,dof_vel[2],0.0,0.0,0.0,0.0
obs631,631,13,20,dof_vel[3],0.0,0.0,0.0,0.0
obs632,632,13,21,dof_vel[4],0.0,0.0,0.0,0.0
obs633,633,13,22,dof_vel[5],0.0,0.0,0.0,0.0
obs634,634,13,23,dof_vel[6],0.0,0.0,0.0,0.0
obs635,635,13,24,dof_vel[7],0.0,0.0,0.0,0.0
obs636,636,13,25,dof_vel[8],0.0,0.0,0.0,0.0
obs637,637,13,26,dof_vel[9],0.0,0.0,0.0,0.0
obs638,638,13,27,dof_vel[10],0.0,0.0,0.0,0.0
obs639,639,13,28,dof_vel[11],0.0,0.0,0.0,0.0
obs652,652,13,41,imu_omega[0],0.0,0.0,0.0,0.0
obs653,653,13,42,imu_omega[1],0.0,0.0,0.0,0.0
obs654,654,13,43,imu_omega[2],0.0,0.0,0.0,0.0
obs627,627,13,16,dof_pos[11],0.0,0.0,0.0,0.0
obs626,626,13,15,dof_pos[10],0.0,0.0,0.0,0.0
obs625,625,13,14,dof_pos[9],0.0,0.0,0.0,0.0
obs616,616,13,5,dof_pos[0],0.0,0.0,0.0,0.0
obs610,610,12,46,imu_rpy[2],0.0,0.0,0.0,0.0
obs611,611,13,0,phase_sin,0.0,0.0,0.0,0.0
obs612,612,13,1,phase_cos,0.0,0.0,0.0,0.0
obs613,613,13,2,cmd_vx,0.0,0.0,0.0,0.0
obs614,614,13,3,cmd_vy,0.0,0.0,0.0,0.0
obs615,615,13,4,cmd_dyaw,0.0,0.0,0.0,0.0
obs617,617,13,6,dof_pos[1],0.0,0.0,0.0,0.0
obs624,624,13,13,dof_pos[8],0.0,0.0,0.0,0.0
obs618,618,13,7,dof_pos[2],0.0,0.0,0.0,0.0
obs619,619,13,8,dof_pos[3],0.0,0.0,0.0,0.0
obs620,620,13,9,dof_pos[4],0.0,0.0,0.0,0.0
obs621,621,13,10,dof_pos[5],0.0,0.0,0.0,0.0
obs622,622,13,11,dof_pos[6],0.0,0.0,0.0,0.0
obs623,623,13,12,dof_pos[7],0.0,0.0,0.0,0.0
obs655,655,13,44,imu_rpy[0],0.0,0.0,0.0,0.0
obs657,657,13,46,imu_rpy[2],0.0,0.0,0.0,0.0
obs513,513,10,43,imu_omega[2],0.0,0.0,0.0,0.0
obs658,658,14,0,phase_sin,0.0,0.0,0.0,0.0
obs677,677,14,19,dof_vel[2],0.0,0.0,0.0,0.0
obs678,678,14,20,dof_vel[3],0.0,0.0,0.0,0.0
obs679,679,14,21,dof_vel[4],0.0,0.0,0.0,0.0
obs680,680,14,22,dof_vel[5],0.0,0.0,0.0,0.0
obs681,681,14,23,dof_vel[6],0.0,0.0,0.0,0.0
obs682,682,14,24,dof_vel[7],0.0,0.0,0.0,0.0
obs683,683,14,25,dof_vel[8],0.0,0.0,0.0,0.0
obs684,684,14,26,dof_vel[9],0.0,0.0,0.0,0.0
obs685,685,14,27,dof_vel[10],0.0,0.0,0.0,0.0
obs686,686,14,28,dof_vel[11],0.0,0.0,0.0,0.0
obs699,699,14,41,imu_omega[0],0.0,0.0,0.0,0.0
obs700,700,14,42,imu_omega[1],0.0,0.0,0.0,0.0
obs701,701,14,43,imu_omega[2],0.0,0.0,0.0,0.0
obs702,702,14,44,imu_rpy[0],0.0,0.0,0.0,0.0
obs703,703,14,45,imu_rpy[1],0.0,0.0,0.0,0.0
obs676,676,14,18,dof_vel[1],0.0,0.0,0.0,0.0
obs675,675,14,17,dof_vel[0],0.0,0.0,0.0,0.0
obs674,674,14,16,dof_pos[11],0.0,0.0,0.0,0.0
obs665,665,14,7,dof_pos[2],0.0,0.0,0.0,0.0
obs659,659,14,1,phase_cos,0.0,0.0,0.0,0.0
obs660,660,14,2,cmd_vx,0.0,0.0,0.0,0.0
obs661,661,14,3,cmd_vy,0.0,0.0,0.0,0.0
obs662,662,14,4,cmd_dyaw,0.0,0.0,0.0,0.0
obs663,663,14,5,dof_pos[0],0.0,0.0,0.0,0.0
obs664,664,14,6,dof_pos[1],0.0,0.0,0.0,0.0
obs666,666,14,8,dof_pos[3],0.0,0.0,0.0,0.0
obs673,673,14,15,dof_pos[10],0.0,0.0,0.0,0.0
obs667,667,14,9,dof_pos[4],0.0,0.0,0.0,0.0
obs668,668,14,10,dof_pos[5],0.0,0.0,0.0,0.0
obs669,669,14,11,dof_pos[6],0.0,0.0,0.0,0.0
obs670,670,14,12,dof_pos[7],0.0,0.0,0.0,0.0
obs671,671,14,13,dof_pos[8],0.0,0.0,0.0,0.0
obs672,672,14,14,dof_pos[9],0.0,0.0,0.0,0.0
obs609,609,12,45,imu_rpy[1],0.0,0.0,0.0,0.0
obs608,608,12,44,imu_rpy[0],0.0,0.0,0.0,0.0
obs607,607,12,43,imu_omega[2],0.0,0.0,0.0,0.0
obs606,606,12,42,imu_omega[1],0.0,0.0,0.0,0.0
obs532,532,11,15,dof_pos[10],0.0,0.0,0.0,0.0
obs533,533,11,16,dof_pos[11],0.0,0.0,0.0,0.0
obs534,534,11,17,dof_vel[0],0.0,0.0,0.0,0.0
obs535,535,11,18,dof_vel[1],0.0,0.0,0.0,0.0
obs536,536,11,19,dof_vel[2],0.0,0.0,0.0,0.0
obs537,537,11,20,dof_vel[3],0.0,0.0,0.0,0.0
obs538,538,11,21,dof_vel[4],0.0,0.0,0.0,0.0
obs539,539,11,22,dof_vel[5],0.0,0.0,0.0,0.0
obs540,540,11,23,dof_vel[6],0.0,0.0,0.0,0.0
obs541,541,11,24,dof_vel[7],0.0,0.0,0.0,0.0
obs542,542,11,25,dof_vel[8],0.0,0.0,0.0,0.0
obs543,543,11,26,dof_vel[9],0.0,0.0,0.0,0.0
obs544,544,11,27,dof_vel[10],0.0,0.0,0.0,0.0
obs545,545,11,28,dof_vel[11],0.0,0.0,0.0,0.0
obs401,401,8,25,dof_vel[8],0.0,0.0,0.0,0.0
obs531,531,11,14,dof_pos[9],0.0,0.0,0.0,0.0
obs530,530,11,13,dof_pos[8],0.0,0.0,0.0,0.0
obs529,529,11,12,dof_pos[7],0.0,0.0,0.0,0.0
obs520,520,11,3,cmd_vy,0.0,0.0,0.0,0.0
obs514,514,10,44,imu_rpy[0],0.0,0.0,0.0,0.0
obs515,515,10,45,imu_rpy[1],0.0,0.0,0.0,0.0
obs516,516,10,46,imu_rpy[2],0.0,0.0,0.0,0.0
obs517,517,11,0,phase_sin,0.0,0.0,0.0,0.0
obs518,518,11,1,phase_cos,0.0,0.0,0.0,0.0
obs519,519,11,2,cmd_vx,0.0,0.0,0.0,0.0
obs521,521,11,4,cmd_dyaw,0.0,0.0,0.0,0.0
obs528,528,11,11,dof_pos[6],0.0,0.0,0.0,0.0
obs522,522,11,5,dof_pos[0],0.0,0.0,0.0,0.0
obs523,523,11,6,dof_pos[1],0.0,0.0,0.0,0.0
obs524,524,11,7,dof_pos[2],0.0,0.0,0.0,0.0
obs525,525,11,8,dof_pos[3],0.0,0.0,0.0,0.0
obs526,526,11,9,dof_pos[4],0.0,0.0,0.0,0.0
obs527,527,11,10,dof_pos[5],0.0,0.0,0.0,0.0
obs558,558,11,41,imu_omega[0],0.0,0.0,0.0,0.0
obs559,559,11,42,imu_omega[1],0.0,0.0,0.0,0.0
obs560,560,11,43,imu_omega[2],0.0,0.0,0.0,0.0
obs586,586,12,22,dof_vel[5],0.0,0.0,0.0,0.0
obs580,580,12,16,dof_pos[11],0.0,0.0,0.0,0.0
obs581,581,12,17,dof_vel[0],0.0,0.0,0.0,0.0
obs582,582,12,18,dof_vel[1],0.0,0.0,0.0,0.0
obs583,583,12,19,dof_vel[2],0.0,0.0,0.0,0.0
obs584,584,12,20,dof_vel[3],0.0,0.0,0.0,0.0
obs585,585,12,21,dof_vel[4],0.0,0.0,0.0,0.0
obs587,587,12,23,dof_vel[6],0.0,0.0,0.0,0.0
obs578,578,12,14,dof_pos[9],0.0,0.0,0.0,0.0
obs588,588,12,24,dof_vel[7],0.0,0.0,0.0,0.0
obs589,589,12,25,dof_vel[8],0.0,0.0,0.0,0.0
obs590,590,12,26,dof_vel[9],0.0,0.0,0.0,0.0
obs591,591,12,27,dof_vel[10],0.0,0.0,0.0,0.0
obs592,592,12,28,dof_vel[11],0.0,0.0,0.0,0.0
obs605,605,12,41,imu_omega[0],0.0,0.0,0.0,0.0
obs579,579,12,15,dof_pos[10],0.0,0.0,0.0,0.0
obs577,577,12,13,dof_pos[8],0.0,0.0,0.0,0.0
obs561,561,11,44,imu_rpy[0],0.0,0.0,0.0,0.0
obs568,568,12,4,cmd_dyaw,0.0,0.0,0.0,0.0
obs562,562,11,45,imu_rpy[1],0.0,0.0,0.0,0.0
obs563,563,11,46,imu_rpy[2],0.0,0.0,0.0,0.0
obs564,564,12,0,phase_sin,0.0,0.0,0.0,0.0
obs565,565,12,1,phase_cos,0.0,0.0,0.0,0.0
obs566,566,12,2,cmd_vx,0.0,0.0,0.0,0.0
obs567,567,12,3,cmd_vy,0.0,0.0,0.0,0.0
obs569,569,12,5,dof_pos[0],0.0,0.0,0.0,0.0
obs576,576,12,12,dof_pos[7],0.0,0.0,0.0,0.0
obs570,570,12,6,dof_pos[1],0.0,0.0,0.0,0.0
obs571,571,12,7,dof_pos[2],0.0,0.0,0.0,0.0
obs572,572,12,8,dof_pos[3],0.0,0.0,0.0,0.0
obs573,573,12,9,dof_pos[4],0.0,0.0,0.0,0.0
obs574,574,12,10,dof_pos[5],0.0,0.0,0.0,0.0
obs575,575,12,11,dof_pos[6],0.0,0.0,0.0,0.0
obs402,402,8,26,dof_vel[9],0.0,0.0,0.0,0.0
obs352,352,7,23,dof_vel[6],0.0,0.0,0.0,0.0
obs400,400,8,24,dof_vel[7],0.0,0.0,0.0,0.0
obs140,140,2,46,imu_rpy[2],0.0,0.0,0.0,0.0
obs121,121,2,27,dof_vel[10],0.0,0.0,0.0,0.0
obs122,122,2,28,dof_vel[11],0.0,0.0,0.0,0.0
obs135,135,2,41,imu_omega[0],0.0,0.0,0.0,0.0
obs136,136,2,42,imu_omega[1],0.0,0.0,0.0,0.0
obs137,137,2,43,imu_omega[2],0.0,0.0,0.0,0.0
obs138,138,2,44,imu_rpy[0],0.0,0.0,0.0,0.0
obs139,139,2,45,imu_rpy[1],0.0,0.0,0.0,0.0
obs141,141,3,0,phase_sin,0.0,0.0,0.0,0.0
obs399,399,8,23,dof_vel[6],0.0,0.0,0.0,0.0
obs142,142,3,1,phase_cos,0.0,0.0,0.0,0.0
obs143,143,3,2,cmd_vx,0.0,0.0,0.0,0.0
obs144,144,3,3,cmd_vy,0.0,0.0,0.0,0.0
obs145,145,3,4,cmd_dyaw,0.0,0.0,0.0,0.0
obs146,146,3,5,dof_pos[0],0.0,0.0,0.0,0.0
obs147,147,3,6,dof_pos[1],0.0,0.0,0.0,0.0
obs148,148,3,7,dof_pos[2],0.0,0.0,0.0,0.0
obs120,120,2,26,dof_vel[9],0.0,0.0,0.0,0.0
obs119,119,2,25,dof_vel[8],0.0,0.0,0.0,0.0
obs118,118,2,24,dof_vel[7],0.0,0.0,0.0,0.0
obs117,117,2,23,dof_vel[6],0.0,0.0,0.0,0.0
obs102,102,2,8,dof_pos[3],0.0,0.0,0.0,0.0
obs103,103,2,9,dof_pos[4],0.0,0.0,0.0,0.0
obs104,104,2,10,dof_pos[5],0.0,0.0,0.0,0.0
obs105,105,2,11,dof_pos[6],0.0,0.0,0.0,0.0
obs106,106,2,12,dof_pos[7],0.0,0.0,0.0,0.0
obs107,107,2,13,dof_pos[8],0.0,0.0,0.0,0.0
obs108,108,2,14,dof_pos[9],0.0,0.0,0.0,0.0
obs109,109,2,15,dof_pos[10],0.0,0.0,0.0,0.0
obs110,110,2,16,dof_pos[11],0.0,0.0,0.0,0.0
obs111,111,2,17,dof_vel[0],0.0,0.0,0.0,0.0
obs112,112,2,18,dof_vel[1],0.0,0.0,0.0,0.0
obs113,113,2,19,dof_vel[2],0.0,0.0,0.0,0.0
obs114,114,2,20,dof_vel[3],0.0,0.0,0.0,0.0
obs115,115,2,21,dof_vel[4],0.0,0.0,0.0,0.0
obs116,116,2,22,dof_vel[5],0.0,0.0,0.0,0.0
obs149,149,3,8,dof_pos[3],0.0,0.0,0.0,0.0
obs150,150,3,9,dof_pos[4],0.0,0.0,0.0,0.0
obs151,151,3,10,dof_pos[5],0.0,0.0,0.0,0.0
obs182,182,3,41,imu_omega[0],0.0,0.0,0.0,0.0
obs184,184,3,43,imu_omega[2],0.0,0.0,0.0,0.0
obs185,185,3,44,imu_rpy[0],0.0,0.0,0.0,0.0
obs186,186,3,45,imu_rpy[1],0.0,0.0,0.0,0.0
obs187,187,3,46,imu_rpy[2],0.0,0.0,0.0,0.0
obs188,188,4,0,phase_sin,0.0,0.0,0.0,0.0
obs189,189,4,1,phase_cos,0.0,0.0,0.0,0.0
obs190,190,4,2,cmd_vx,0.0,0.0,0.0,0.0
obs191,191,4,3,cmd_vy,0.0,0.0,0.0,0.0
obs192,192,4,4,cmd_dyaw,0.0,0.0,0.0,0.0
obs193,193,4,5,dof_pos[0],0.0,0.0,0.0,0.0
obs194,194,4,6,dof_pos[1],0.0,0.0,0.0,0.0
obs195,195,4,7,dof_pos[2],0.0,0.0,0.0,0.0
obs196,196,4,8,dof_pos[3],0.0,0.0,0.0,0.0
obs197,197,4,9,dof_pos[4],0.0,0.0,0.0,0.0
obs198,198,4,10,dof_pos[5],0.0,0.0,0.0,0.0
obs183,183,3,42,imu_omega[1],0.0,0.0,0.0,0.0
obs169,169,3,28,dof_vel[11],0.0,0.0,0.0,0.0
obs152,152,3,11,dof_pos[6],0.0,0.0,0.0,0.0
obs168,168,3,27,dof_vel[10],0.0,0.0,0.0,0.0
obs153,153,3,12,dof_pos[7],0.0,0.0,0.0,0.0
obs154,154,3,13,dof_pos[8],0.0,0.0,0.0,0.0
obs155,155,3,14,dof_pos[9],0.0,0.0,0.0,0.0
obs156,156,3,15,dof_pos[10],0.0,0.0,0.0,0.0
obs157,157,3,16,dof_pos[11],0.0,0.0,0.0,0.0
obs158,158,3,17,dof_vel[0],0.0,0.0,0.0,0.0
obs159,159,3,18,dof_vel[1],0.0,0.0,0.0,0.0
obs160,160,3,19,dof_vel[2],0.0,0.0,0.0,0.0
obs161,161,3,20,dof_vel[3],0.0,0.0,0.0,0.0
obs162,162,3,21,dof_vel[4],0.0,0.0,0.0,0.0
obs163,163,3,22,dof_vel[5],0.0,0.0,0.0,0.0
obs164,164,3,23,dof_vel[6],0.0,0.0,0.0,0.0
obs165,165,3,24,dof_vel[7],0.0,0.0,0.0,0.0
obs166,166,3,25,dof_vel[8],0.0,0.0,0.0,0.0
obs167,167,3,26,dof_vel[9],0.0,0.0,0.0,0.0
obs101,101,2,7,dof_pos[2],0.0,0.0,0.0,0.0
obs100,100,2,6,dof_pos[1],0.0,0.0,0.0,0.0
obs99,99,2,5,dof_pos[0],0.0,0.0,0.0,0.0
obs19,19,0,19,dof_vel[2],0.0,0.0,0.0,0.0
obs21,21,0,21,dof_vel[4],0.0,0.0,0.0,0.0
obs22,22,0,22,dof_vel[5],0.0,0.0,0.0,0.0
obs23,23,0,23,dof_vel[6],0.0,0.0,0.0,0.0
obs24,24,0,24,dof_vel[7],0.0,0.0,0.0,0.0
obs25,25,0,25,dof_vel[8],0.0,0.0,0.0,0.0
obs26,26,0,26,dof_vel[9],0.0,0.0,0.0,0.0
obs27,27,0,27,dof_vel[10],0.0,0.0,0.0,0.0
obs28,28,0,28,dof_vel[11],0.0,0.0,0.0,0.0
obs41,41,0,41,imu_omega[0],0.0,0.0,0.0,0.0
obs42,42,0,42,imu_omega[1],0.0,0.0,0.0,0.0
obs43,43,0,43,imu_omega[2],0.0,0.0,0.0,0.0
obs44,44,0,44,imu_rpy[0],0.0,0.0,0.0,0.0
obs45,45,0,45,imu_rpy[1],0.0,0.0,0.0,0.0
obs46,46,0,46,imu_rpy[2],0.0,0.0,0.0,0.0
obs47,47,1,0,phase_sin,0.0,0.0,0.0,0.0
obs20,20,0,20,dof_vel[3],0.0,0.0,0.0,0.0
obs18,18,0,18,dof_vel[1],0.0,0.0,0.0,0.0
obs49,49,1,2,cmd_vx,0.0,0.0,0.0,0.0
obs17,17,0,17,dof_vel[0],0.0,0.0,0.0,0.0
obs2,2,0,2,cmd_vx,0.0,0.0,0.0,0.0
obs3,3,0,3,cmd_vy,0.0,0.0,0.0,0.0
obs4,4,0,4,cmd_dyaw,0.0,0.0,0.0,0.0
obs5,5,0,5,dof_pos[0],0.0,0.0,0.0,0.0
obs6,6,0,6,dof_pos[1],0.0,0.0,0.0,0.0
obs7,7,0,7,dof_pos[2],0.0,0.0,0.0,0.0
obs8,8,0,8,dof_pos[3],0.0,0.0,0.0,0.0
obs9,9,0,9,dof_pos[4],0.0,0.0,0.0,0.0
obs10,10,0,10,dof_pos[5],0.0,0.0,0.0,0.0
obs11,11,0,11,dof_pos[6],0.0,0.0,0.0,0.0
obs12,12,0,12,dof_pos[7],0.0,0.0,0.0,0.0
obs13,13,0,13,dof_pos[8],0.0,0.0,0.0,0.0
obs14,14,0,14,dof_pos[9],0.0,0.0,0.0,0.0
obs15,15,0,15,dof_pos[10],0.0,0.0,0.0,0.0
obs16,16,0,16,dof_pos[11],0.0,0.0,0.0,0.0
obs48,48,1,1,phase_cos,0.0,0.0,0.0,0.0
obs50,50,1,3,cmd_vy,0.0,0.0,0.0,0.0
obs98,98,2,4,cmd_dyaw,0.0,0.0,0.0,0.0
obs69,69,1,22,dof_vel[5],0.0,0.0,0.0,0.0
obs71,71,1,24,dof_vel[7],0.0,0.0,0.0,0.0
obs72,72,1,25,dof_vel[8],0.0,0.0,0.0,0.0
obs73,73,1,26,dof_vel[9],0.0,0.0,0.0,0.0
obs74,74,1,27,dof_vel[10],0.0,0.0,0.0,0.0
obs75,75,1,28,dof_vel[11],0.0,0.0,0.0,0.0
obs88,88,1,41,imu_omega[0],0.0,0.0,0.0,0.0
obs89,89,1,42,imu_omega[1],0.0,0.0,0.0,0.0
obs90,90,1,43,imu_omega[2],0.0,0.0,0.0,0.0
obs91,91,1,44,imu_rpy[0],0.0,0.0,0.0,0.0
obs92,92,1,45,imu_rpy[1],0.0,0.0,0.0,0.0
obs93,93,1,46,imu_rpy[2],0.0,0.0,0.0,0.0
obs94,94,2,0,phase_sin,0.0,0.0,0.0,0.0
obs95,95,2,1,phase_cos,0.0,0.0,0.0,0.0
obs96,96,2,2,cmd_vx,0.0,0.0,0.0,0.0
obs97,97,2,3,cmd_vy,0.0,0.0,0.0,0.0
obs70,70,1,23,dof_vel[6],0.0,0.0,0.0,0.0
obs68,68,1,21,dof_vel[4],0.0,0.0,0.0,0.0
obs51,51,1,4,cmd_dyaw,0.0,0.0,0.0,0.0
obs67,67,1,20,dof_vel[3],0.0,0.0,0.0,0.0
obs52,52,1,5,dof_pos[0],0.0,0.0,0.0,0.0
obs53,53,1,6,dof_pos[1],0.0,0.0,0.0,0.0
obs54,54,1,7,dof_pos[2],0.0,0.0,0.0,0.0
obs55,55,1,8,dof_pos[3],0.0,0.0,0.0,0.0
obs56,56,1,9,dof_pos[4],0.0,0.0,0.0,0.0
obs57,57,1,10,dof_pos[5],0.0,0.0,0.0,0.0
obs58,58,1,11,dof_pos[6],0.0,0.0,0.0,0.0
obs59,59,1,12,dof_pos[7],0.0,0.0,0.0,0.0
obs60,60,1,13,dof_pos[8],0.0,0.0,0.0,0.0
obs61,61,1,14,dof_pos[9],0.0,0.0,0.0,0.0
obs62,62,1,15,dof_pos[10],0.0,0.0,0.0,0.0
obs63,63,1,16,dof_pos[11],0.0,0.0,0.0,0.0
obs64,64,1,17,dof_vel[0],0.0,0.0,0.0,0.0
obs65,65,1,18,dof_vel[1],0.0,0.0,0.0,0.0
obs66,66,1,19,dof_vel[2],0.0,0.0,0.0,0.0
obs199,199,4,11,dof_pos[6],0.0,0.0,0.0,0.0
obs200,200,4,12,dof_pos[7],0.0,0.0,0.0,0.0
obs201,201,4,13,dof_pos[8],0.0,0.0,0.0,0.0
obs332,332,7,3,cmd_vy,0.0,0.0,0.0,0.0
obs334,334,7,5,dof_pos[0],0.0,0.0,0.0,0.0
obs335,335,7,6,dof_pos[1],0.0,0.0,0.0,0.0
obs336,336,7,7,dof_pos[2],0.0,0.0,0.0,0.0
obs337,337,7,8,dof_pos[3],0.0,0.0,0.0,0.0
obs338,338,7,9,dof_pos[4],0.0,0.0,0.0,0.0
obs339,339,7,10,dof_pos[5],0.0,0.0,0.0,0.0
obs340,340,7,11,dof_pos[6],0.0,0.0,0.0,0.0
obs341,341,7,12,dof_pos[7],0.0,0.0,0.0,0.0
obs342,342,7,13,dof_pos[8],0.0,0.0,0.0,0.0
obs343,343,7,14,dof_pos[9],0.0,0.0,0.0,0.0
obs344,344,7,15,dof_pos[10],0.0,0.0,0.0,0.0
obs345,345,7,16,dof_pos[11],0.0,0.0,0.0,0.0
obs346,346,7,17,dof_vel[0],0.0,0.0,0.0,0.0
obs347,347,7,18,dof_vel[1],0.0,0.0,0.0,0.0
obs348,348,7,19,dof_vel[2],0.0,0.0,0.0,0.0
obs333,333,7,4,cmd_dyaw,0.0,0.0,0.0,0.0
obs331,331,7,2,cmd_vx,0.0,0.0,0.0,0.0
obs350,350,7,21,dof_vel[4],0.0,0.0,0.0,0.0
obs330,330,7,1,phase_cos,0.0,0.0,0.0,0.0
obs303,303,6,21,dof_vel[4],0.0,0.0,0.0,0.0
obs304,304,6,22,dof_vel[5],0.0,0.0,0.0,0.0
obs305,305,6,23,dof_vel[6],0.0,0.0,0.0,0.0
obs306,306,6,24,dof_vel[7],0.0,0.0,0.0,0.0
obs307,307,6,25,dof_vel[8],0.0,0.0,0.0,0.0
obs308,308,6,26,dof_vel[9],0.0,0.0,0.0,0.0
obs309,309,6,27,dof_vel[10],0.0,0.0,0.0,0.0
obs310,310,6,28,dof_vel[11],0.0,0.0,0.0,0.0
obs323,323,6,41,imu_omega[0],0.0,0.0,0.0,0.0
obs324,324,6,42,imu_omega[1],0.0,0.0,0.0,0.0
obs325,325,6,43,imu_omega[2],0.0,0.0,0.0,0.0
obs326,326,6,44,imu_rpy[0],0.0,0.0,0.0,0.0
obs327,327,6,45,imu_rpy[1],0.0,0.0,0.0,0.0
obs328,328,6,46,imu_rpy[2],0.0,0.0,0.0,0.0
obs329,329,7,0,phase_sin,0.0,0.0,0.0,0.0
obs349,349,7,20,dof_vel[3],0.0,0.0,0.0,0.0
obs351,351,7,22,dof_vel[5],0.0,0.0,0.0,0.0
obs301,301,6,19,dof_vel[2],0.0,0.0,0.0,0.0
obs382,382,8,6,dof_pos[1],0.0,0.0,0.0,0.0
obs384,384,8,8,dof_pos[3],0.0,0.0,0.0,0.0
obs385,385,8,9,dof_pos[4],0.0,0.0,0.0,0.0
obs386,386,8,10,dof_pos[5],0.0,0.0,0.0,0.0
obs387,387,8,11,dof_pos[6],0.0,0.0,0.0,0.0
obs388,388,8,12,dof_pos[7],0.0,0.0,0.0,0.0
obs389,389,8,13,dof_pos[8],0.0,0.0,0.0,0.0
obs390,390,8,14,dof_pos[9],0.0,0.0,0.0,0.0
obs391,391,8,15,dof_pos[10],0.0,0.0,0.0,0.0
obs392,392,8,16,dof_pos[11],0.0,0.0,0.0,0.0
obs393,393,8,17,dof_vel[0],0.0,0.0,0.0,0.0
obs394,394,8,18,dof_vel[1],0.0,0.0,0.0,0.0
obs395,395,8,19,dof_vel[2],0.0,0.0,0.0,0.0
obs396,396,8,20,dof_vel[3],0.0,0.0,0.0,0.0
obs397,397,8,21,dof_vel[4],0.0,0.0,0.0,0.0
obs398,398,8,22,dof_vel[5],0.0,0.0,0.0,0.0
obs383,383,8,7,dof_pos[2],0.0,0.0,0.0,0.0
obs381,381,8,5,dof_pos[0],0.0,0.0,0.0,0.0
obs1,1,0,1,phase_cos,0.0,0.0,0.0,0.0
obs380,380,8,4,cmd_dyaw,0.0,0.0,0.0,0.0
obs353,353,7,24,dof_vel[7],0.0,0.0,0.0,0.0
obs354,354,7,25,dof_vel[8],0.0,0.0,0.0,0.0
obs355,355,7,26,dof_vel[9],0.0,0.0,0.0,0.0
obs356,356,7,27,dof_vel[10],0.0,0.0,0.0,0.0
obs357,357,7,28,dof_vel[11],0.0,0.0,0.0,0.0
obs370,370,7,41,imu_omega[0],0.0,0.0,0.0,0.0
obs371,371,7,42,imu_omega[1],0.0,0.0,0.0,0.0
obs372,372,7,43,imu_omega[2],0.0,0.0,0.0,0.0
obs373,373,7,44,imu_rpy[0],0.0,0.0,0.0,0.0
obs374,374,7,45,imu_rpy[1],0.0,0.0,0.0,0.0
obs375,375,7,46,imu_rpy[2],0.0,0.0,0.0,0.0
obs376,376,8,0,phase_sin,0.0,0.0,0.0,0.0
obs377,377,8,1,phase_cos,0.0,0.0,0.0,0.0
obs378,378,8,2,cmd_vx,0.0,0.0,0.0,0.0
obs379,379,8,3,cmd_vy,0.0,0.0,0.0,0.0
obs302,302,6,20,dof_vel[3],0.0,0.0,0.0,0.0
obs300,300,6,18,dof_vel[1],0.0,0.0,0.0,0.0
obs202,202,4,14,dof_pos[9],0.0,0.0,0.0,0.0
obs232,232,4,44,imu_rpy[0],0.0,0.0,0.0,0.0
obs234,234,4,46,imu_rpy[2],0.0,0.0,0.0,0.0
obs235,235,5,0,phase_sin,0.0,0.0,0.0,0.0
obs236,236,5,1,phase_cos,0.0,0.0,0.0,0.0
obs237,237,5,2,cmd_vx,0.0,0.0,0.0,0.0
obs238,238,5,3,cmd_vy,0.0,0.0,0.0,0.0
obs239,239,5,4,cmd_dyaw,0.0,0.0,0.0,0.0
obs240,240,5,5,dof_pos[0],0.0,0.0,0.0,0.0
obs241,241,5,6,dof_pos[1],0.0,0.0,0.0,0.0
obs242,242,5,7,dof_pos[2],0.0,0.0,0.0,0.0
obs243,243,5,8,dof_pos[3],0.0,0.0,0.0,0.0
obs244,244,5,9,dof_pos[4],0.0,0.0,0.0,0.0
obs245,245,5,10,dof_pos[5],0.0,0.0,0.0,0.0
obs246,246,5,11,dof_pos[6],0.0,0.0,0.0,0.0
obs247,247,5,12,dof_pos[7],0.0,0.0,0.0,0.0
obs248,248,5,13,dof_pos[8],0.0,0.0,0.0,0.0
obs233,233,4,45,imu_rpy[1],0.0,0.0,0.0,0.0
obs231,231,4,43,imu_omega[2],0.0,0.0,0.0,0.0
obs250,250,5,15,dof_pos[10],0.0,0.0,0.0,0.0
obs230,230,4,42,imu_omega[1],0.0,0.0,0.0,0.0
obs203,203,4,15,dof_pos[10],0.0,0.0,0.0,0.0
obs204,204,4,16,dof_pos[11],0.0,0.0,0.0,0.0
obs205,205,4,17,dof_vel[0],0.0,0.0,0.0,0.0
obs206,206,4,18,dof_vel[1],0.0,0.0,0.0,0.0
obs207,207,4,19,dof_vel[2],0.0,0.0,0.0,0.0
obs208,208,4,20,dof_vel[3],0.0,0.0,0.0,0.0
obs209,209,4,21,dof_vel[4],0.0,0.0,0.0,0.0
obs210,210,4,22,dof_vel[5],0.0,0.0,0.0,0.0
obs211,211,4,23,dof_vel[6],0.0,0.0,0.0,0.0
obs212,212,4,24,dof_vel[7],0.0,0.0,0.0,0.0
obs213,213,4,25,dof_vel[8],0.0,0.0,0.0,0.0
obs214,214,4,26,dof_vel[9],0.0,0.0,0.0,0.0
obs215,215,4,27,dof_vel[10],0.0,0.0,0.0,0.0
obs216,216,4,28,dof_vel[11],0.0,0.0,0.0,0.0
obs229,229,4,41,imu_omega[0],0.0,0.0,0.0,0.0
obs249,249,5,14,dof_pos[9],0.0,0.0,0.0,0.0
obs251,251,5,16,dof_pos[11],0.0,0.0,0.0,0.0
obs299,299,6,17,dof_vel[0],0.0,0.0,0.0,0.0
obs282,282,6,0,phase_sin,0.0,0.0,0.0,0.0
obs284,284,6,2,cmd_vx,0.0,0.0,0.0,0.0
obs285,285,6,3,cmd_vy,0.0,0.0,0.0,0.0
obs286,286,6,4,cmd_dyaw,0.0,0.0,0.0,0.0
obs287,287,6,5,dof_pos[0],0.0,0.0,0.0,0.0
obs288,288,6,6,dof_pos[1],0.0,0.0,0.0,0.0
obs289,289,6,7,dof_pos[2],0.0,0.0,0.0,0.0
obs290,290,6,8,dof_pos[3],0.0,0.0,0.0,0.0
obs291,291,6,9,dof_pos[4],0.0,0.0,0.0,0.0
obs292,292,6,10,dof_pos[5],0.0,0.0,0.0,0.0
obs293,293,6,11,dof_pos[6],0.0,0.0,0.0,0.0
obs294,294,6,12,dof_pos[7],0.0,0.0,0.0,0.0
obs295,295,6,13,dof_pos[8],0.0,0.0,0.0,0.0
obs296,296,6,14,dof_pos[9],0.0,0.0,0.0,0.0
obs297,297,6,15,dof_pos[10],0.0,0.0,0.0,0.0
obs298,298,6,16,dof_pos[11],0.0,0.0,0.0,0.0
obs283,283,6,1,phase_cos,0.0,0.0,0.0,0.0
obs281,281,5,46,imu_rpy[2],0.0,0.0,0.0,0.0
obs252,252,5,17,dof_vel[0],0.0,0.0,0.0,0.0
obs280,280,5,45,imu_rpy[1],0.0,0.0,0.0,0.0
obs253,253,5,18,dof_vel[1],0.0,0.0,0.0,0.0
obs254,254,5,19,dof_vel[2],0.0,0.0,0.0,0.0
obs255,255,5,20,dof_vel[3],0.0,0.0,0.0,0.0
obs256,256,5,21,dof_vel[4],0.0,0.0,0.0,0.0
obs257,257,5,22,dof_vel[5],0.0,0.0,0.0,0.0
obs258,258,5,23,dof_vel[6],0.0,0.0,0.0,0.0
obs259,259,5,24,dof_vel[7],0.0,0.0,0.0,0.0
obs260,260,5,25,dof_vel[8],0.0,0.0,0.0,0.0
obs261,261,5,26,dof_vel[9],0.0,0.0,0.0,0.0
obs262,262,5,27,dof_vel[10],0.0,0.0,0.0,0.0
obs263,263,5,28,dof_vel[11],0.0,0.0,0.0,0.0
obs276,276,5,41,imu_omega[0],0.0,0.0,0.0,0.0
obs277,277,5,42,imu_omega[1],0.0,0.0,0.0,0.0
obs278,278,5,43,imu_omega[2],0.0,0.0,0.0,0.0
obs279,279,5,44,imu_rpy[0],0.0,0.0,0.0,0.0
obs704,704,14,46,imu_rpy[2],0.0,0.0,0.0,0.0
